"COMMON.NAME","SCIENTIFIC.NAME"
"Blue Whistling-Thrush","Myophonus caeruleus"
"White-capped Redstart","Phoenicurus leucocephalus"
"Black Noddy","Anous minutus"
"Jerdon's Courser","Rhinoptilus bitorquatus"
"Red Phalarope","Phalaropus fulicarius"
"Asian Dowitcher","Limnodromus semipalmatus"
"Red-billed Chough","Pyrrhocorax pyrrhocorax"
"Satyr Tragopan","Tragopan satyra"
"Snow Pigeon","Columba leuconota"
"Common Raven","Corvus corax"
"Eurasian Tree Sparrow","Passer montanus"
"Eurasian Hoopoe","Upupa epops"
"Eurasian Woodcock","Scolopax rusticola"
"Eurasian Wigeon","Mareca penelope"
"Ruddy Shelduck","Tadorna ferruginea"
"White-naped Tit","Machlolophus nuchalis"
"Siberian Thrush","Geokichla sibirica"
"Rusty-tailed Flycatcher","Ficedula ruficauda"
"Large-billed Reed Warbler","Acrocephalus orinus"
"Himalayan Quail","Ophrysia superciliosa"
"Eurasian Kestrel","Falco tinnunculus"
"Jungle Myna","Acridotheres fuscus"
"Asian Emerald Dove","Chalcophaps indica"
"Barred Warbler","Curruca nisoria"
"Pintado Petrel","Daption capense"
"Sind Woodpecker","Dendrocopos assimilis"
"Yellow-throated Laughingthrush","Pterorhinus galbanus"
"Asian House-Martin","Delichon dasypus"
"Blue-fronted Redstart","Phoenicurus frontalis"
"Blood Pheasant","Ithaginis cruentus"
"Black-throated Tit","Aegithalos concinnus"
"Blyth's Leaf Warbler","Phylloscopus reguloides"
"Chestnut-tailed Minla","Actinodura strigula"
"Crested Kingfisher","Megaceryle lugubris"
"Fire-tailed Myzornis","Myzornis pyrrhoura"
"Fire-tailed Sunbird","Aethopyga ignicauda"
"Gold-naped Finch","Pyrrhoplectes epauletta"
"Great Parrotbill","Paradoxornis aemodius"
"Gray-crested Tit","Lophophanes dichrous"
"Himalayan Bluetail","Tarsiger rufilatus"
"Himalayan Monal","Lophophorus impejanus"
"Himalayan Rubythroat","Calliope pectoralis"
"Himalayan Swiftlet","Aerodramus brevirostris"
"Plumbeous Redstart","Phoenicurus fuliginosus"
"Red-headed Bullfinch","Pyrrhula erythrocephala"
"Rosy Pipit","Anthus roseatus"
"Rufous-gorgeted Flycatcher","Ficedula strophiata"
"Rufous-vented Tit","Periparus rubidiventris"
"Rufous-vented Yuhina","Yuhina occipitalis"
"Scaly Laughingthrush","Trochalopteron subunicolor"
"Striated Laughingthrush","Grammatoptila striata"
"Himalayan White-browed Rosefinch","Carpodacus thura"
"White-collared Blackbird","Turdus albocinctus"
"Eurasian Wren","Troglodytes troglodytes"
"Yellow-bellied Fairy-Fantail","Chelidorhynx hypoxanthus"
"Alpine Accentor","Prunella collaris"
"Black-browed Tit","Aegithalos iouschistos"
"Black Kite","Milvus migrans"
"Black Redstart","Phoenicurus ochruros"
"Black-faced Laughingthrush","Trochalopteron affine"
"Blyth's Pipit","Anthus godlewskii"
"Brown Dipper","Cinclus pallasii"
"Coal Tit","Periparus ater"
"Himalayan Buzzard","Buteo refectus"
"Southern Nutcracker","Nucifraga hemispila"
"Golden Bush-Robin","Tarsiger chrysaeus"
"Gould's Shortwing","Heteroxenicus stellatus"
"Grandala","Grandala coelicolor"
"Gray-backed Shrike","Lanius tephronotus"
"Gray-sided Bush Warbler","Cettia brunnifrons"
"Horned Lark","Eremophila alpestris"
"Ibisbill","Ibidorhyncha struthersii"
"Large-billed Crow","Corvus macrorhynchos"
"Bearded Vulture","Gypaetus barbatus"
"Olive-backed Pipit","Anthus hodgsoni"
"Plain Mountain Finch","Leucosticte nemoricola"
"Red-tailed Minla","Minla ignotincta"
"Rusty-flanked Treecreeper","Certhia nipalensis"
"Siberian Stonechat","Saxicola maurus"
"Snow Partridge","Lerwa lerwa"
"Speckled Wood-Pigeon","Columba hodgsonii"
"Mongolian Short-toed Lark","Calandrella dukhunensis"
"Tibetan Serin","Spinus thibetanus"
"White-winged Redstart","Phoenicurus erythrogastrus"
"Yellow-billed Chough","Pyrrhocorax graculus"
"Black-headed Mountain Finch","Leucosticte brandti"
"Hume's Lark","Calandrella acutirostris"
"Robin Accentor","Prunella rubeculoides"
"Tibetan Sandgrouse","Syrrhaptes tibetanus"
"White-throated Dipper","Cinclus cinclus"
"Oriental Plover","Anarhynchus veredus"
"Lanceolated Warbler","Locustella lanceolata"
"Oriental Hobby","Falco severus"
"White-rumped Vulture","Gyps bengalensis"
"Pin-tailed Sandgrouse","Pterocles alchata"
"Asian Koel","Eudynamys scolopaceus"
"Beautiful Nuthatch","Sitta formosa"
"Beautiful Sibia","Heterophasia pulchella"
"Black-bellied Tern","Sterna acuticauda"
"Black-throated Parrotbill","Suthora nipalensis"
"Blyth's Kingfisher","Alcedo hercules"
"Bronzed Drongo","Dicrurus aeneus"
"Buff-breasted Babbler","Pellorneum tickelli"
"Chinese Rubythroat","Calliope tschebaiewi"
"Black-crowned Scimitar-Babbler","Pomatorhinus ferruginosus"
"Collared Owlet","Taenioptynx brodiei"
"Gray Nightjar","Caprimulgus jotaka"
"Large Hawk-Cuckoo","Hierococcyx sparverioides"
"Long-tailed Broadbill","Psarisomus dalhousiae"
"Nepal House-Martin","Delichon nipalense"
"Oriental Pied-Hornbill","Anthracoceros albirostris"
"Pale Blue Flycatcher","Cyornis unicolor"
"Pied Kingfisher","Ceryle rudis"
"Rufous-necked Hornbill","Aceros nipalensis"
"Rufous-throated Partridge","Arborophila rufogularis"
"Rufous-vented Laughingthrush","Pterorhinus gularis"
"Striated Bulbul","Alcurus striatus"
"Streak-throated Barwing","Actinodura waldeni"
"White-bellied Erpornis","Erpornis zantholeuca"
"White-tailed Robin","Myiomela leucura"
"Sooty Gull","Ichthyaetus hemprichii"
"Brown Booby","Sula leucogaster"
"Peregrine Falcon","Falco peregrinus"
"White-bellied Sea-Eagle","Icthyophaga leucogaster"
"Western Reef-Heron","Egretta gularis"
"Pied Harrier","Circus melanoleucos"
"Spot-bellied Eagle-Owl","Ketupa nipalensis"
"Barn Swallow","Hirundo rustica"
"Masked Finfoot","Heliopais personatus"
"Ortolan Bunting","Emberiza hortulana"
"Pacific Swift","Apus pacificus"
"Little Bustard","Tetrax tetrax"
"Pink-headed Duck","Rhodonessa caryophyllacea"
"Great Gray Shrike","Lanius excubitor"
"Hooded Crow","Corvus cornix"
"Rook","Corvus frugilegus"
"Hume's Wheatear","Oenanthe albonigra"
"Reed Bunting","Emberiza schoeniclus"
"Rock Sparrow","Petronia petronia"
"Sharp-tailed Sandpiper","Calidris acuminata"
"Corn Crake","Crex crex"
"Red-footed Falcon","Falco vespertinus"
"Manchurian Bush Warbler","Horornis canturians"
"Collared Myna","Acridotheres albocinctus"
"Manipur Bush-Quail","Perdicula manipurensis"
"Mrs. Hume's Pheasant","Syrmaticus humiae"
"White-headed Duck","Oxyura leucocephala"
"Rosy Starling","Pastor roseus"
"Painted Stork","Mycteria leucocephala"
"Spot-billed Pelican","Pelecanus philippensis"
"Indian Vulture","Gyps indicus"
"White-cheeked Tit","Aegithalos leucogenys"
"European Red-rumped Swallow","Cecropis rufula"
"Large Blue Flycatcher","Cyornis magnirostris"
"Red-flanked Bluetail","Tarsiger cyanurus"
"Mute Swan","Cygnus olor"
"Red-whiskered Bulbul","Pycnonotus jocosus"
"Sociable Lapwing","Vanellus gregarius"
"Whooper Swan","Cygnus cygnus"
"Egyptian Vulture","Neophron percnopterus"
"Eurasian Sparrowhawk","Accipiter nisus"
"Greater Spotted Eagle","Clanga clanga"
"Imperial Eagle","Aquila heliaca"
"Indian Spotted Eagle","Clanga hastata"
"Laggar Falcon","Falco jugger"
"Montagu's Harrier","Circus pygargus"
"Oriental Honey-buzzard","Pernis ptilorhynchus"
"Pallid Harrier","Circus macrourus"
"Short-eared Owl","Asio flammeus"
"Shikra","Tachyspiza badia"
"Steppe Eagle","Aquila nipalensis"
"Tawny Eagle","Aquila rapax"
"Western Marsh Harrier","Circus aeruginosus"
"White-browed Bushchat","Saxicola macrorhynchus"
"White-eyed Buzzard","Butastur teesa"
"Alexandrine Parakeet","Psittacula eupatria"
"Bay-backed Shrike","Lanius vittatus"
"Black-rumped Flameback","Dinopium benghalense"
"Black Drongo","Dicrurus macrocercus"
"Chestnut-bellied Nuthatch","Sitta cinnamoventris"
"Asian Tit","Parus cinereus"
"Citrine Wagtail","Motacilla citreola"
"Common Chiffchaff","Phylloscopus collybita"
"Common Kingfisher","Alcedo atthis"
"Common Myna","Acridotheres tristis"
"Common Tailorbird","Orthotomus sutorius"
"Crested Bunting","Emberiza lathami"
"Western Yellow Wagtail","Motacilla flava"
"Eurasian Collared-Dove","Streptopelia decaocto"
"Green Sandpiper","Tringa ochropus"
"Gray Treepie","Dendrocitta formosae"
"Gray-breasted Prinia","Prinia hodgsonii"
"Gray-headed Woodpecker","Picus canus"
"House Crow","Corvus splendens"
"House Sparrow","Passer domesticus"
"Indian White-eye","Zosterops palpebrosus"
"Laughing Dove","Spilopelia senegalensis"
"Little Cormorant","Microcarbo niger"
"Long-tailed Shrike","Lanius schach"
"Mallard","Anas platyrhynchos"
"Scaly-breasted Munia","Lonchura punctulata"
"Oriental Turtle-Dove","Streptopelia orientalis"
"Purple Sunbird","Cinnyris asiaticus"
"Red-vented Bulbul","Pycnonotus cafer"
"Red-wattled Lapwing","Vanellus indicus"
"Stork-billed Kingfisher","Pelargopsis capensis"
"White-browed Wagtail","Motacilla maderaspatensis"
"Himalayan Bulbul","Pycnonotus leucogenys"
"White Wagtail","Motacilla alba"
"White-throated Kingfisher","Halcyon smyrnensis"
"Demoiselle Crane","Anthropoides virgo"
"Ashy Drongo","Dicrurus leucophaeus"
"Ashy Prinia","Prinia socialis"
"Asian Openbill","Anastomus oscitans"
"Indian Paradise-Flycatcher","Terpsiphone paradisi"
"Baya Weaver","Ploceus philippinus"
"Blue-cheeked Bee-eater","Merops persicus"
"Blue-capped Rock-Thrush","Monticola cinclorhyncha"
"Besra","Tachyspiza virgata"
"Black-headed Cuckooshrike","Lalage melanoptera"
"Black-winged Kite","Elanus caeruleus"
"Black-headed Ibis","Threskiornis melanocephalus"
"Black-hooded Oriole","Oriolus xanthornus"
"Black-naped Monarch","Hypothymis azurea"
"Brown-capped Pygmy Woodpecker","Yungipicus nanus"
"Brahminy Kite","Haliastur indus"
"Brown-headed Barbet","Psilopogon zeylanicus"
"Yellow-throated Sparrow","Gymnoris xanthocollis"
"Common Hawk-Cuckoo","Hierococcyx varius"
"Common Iora","Aegithina tiphia"
"Common Sandpiper","Actitis hypoleucos"
"Coppersmith Barbet","Psilopogon haemacephalus"
"Crimson-backed Sunbird","Leptocoma minima"
"Crested Serpent-Eagle","Spilornis cheela"
"Indian Blackbird","Turdus simillimus"
"Eurasian Wryneck","Jynx torquilla"
"Forest Wagtail","Dendronanthus indicus"
"Golden-fronted Leafbird","Chloropsis aurifrons"
"Gray Heron","Ardea cinerea"
"Great Egret","Ardea alba"
"Asian Green Bee-eater","Merops orientalis"
"Jungle Nightjar","Caprimulgus indicus"
"Indian Cormorant","Phalacrocorax fuscicollis"
"Indian Robin","Copsychus fulicatus"
"Indian Roller","Coracias benghalensis"
"Indian Silverbill","Euodice malabarica"
"Indian Golden Oriole","Oriolus kundoo"
"Indian Pond-Heron","Ardeola grayii"
"Indian Scops-Owl","Otus bakkamoena"
"Jerdon's Leafbird","Chloropsis jerdoni"
"Jerdon's Nightjar","Caprimulgus atripennis"
"Jungle Babbler","Argya striata"
"Indian Cuckooshrike","Coracina macei"
"Little Egret","Egretta garzetta"
"Little Swift","Apus affinis"
"Oriental Magpie-Robin","Copsychus saularis"
"Malabar Pied-Hornbill","Anthracoceros coronatus"
"Malabar Whistling-Thrush","Myophonus horsfieldii"
"Orange-headed Thrush","Geokichla citrina"
"Paddyfield Pipit","Anthus rufulus"
"Plain Prinia","Prinia inornata"
"Plum-headed Parakeet","Psittacula cyanocephala"
"Purple Heron","Ardea purpurea"
"Purple-rumped Sunbird","Leptocoma zeylonica"
"Puff-throated Babbler","Pellorneum ruficeps"
"Richard's Pipit","Anthus richardi"
"River Tern","Sterna aurantia"
"Rufous Treepie","Dendrocitta vagabunda"
"Rufous Woodpecker","Micropternus brachyurus"
"Orange Minivet","Pericrocotus flammeus"
"Small Minivet","Pericrocotus cinnamomeus"
"Spotted Dove","Spilopelia chinensis"
"Tickell's Blue Flycatcher","Cyornis tickelliae"
"Vernal Hanging-Parrot","Loriculus vernalis"
"Verditer Flycatcher","Eumyias thalassinus"
"White-bellied Blue Flycatcher","Cyornis pallidipes"
"Vigors's Sunbird","Aethopyga vigorsii"
"White-browed Bulbul","Pycnonotus luteolus"
"White-bellied Drongo","Dicrurus caerulescens"
"White-cheeked Barbet","Psilopogon viridis"
"White-rumped Shama","Copsychus malabaricus"
"Wire-tailed Swallow","Hirundo smithii"
"Asian Woolly-necked Stork","Ciconia episcopus"
"Yellow-browed Bulbul","Acritillas indica"
"Yellow-crowned Woodpecker","Leiopicus mahrattensis"
"Yellow-footed Green-Pigeon","Treron phoenicopterus"
"Asian Barred Owlet","Glaucidium cuculoides"
"Common Rosefinch","Carpodacus erythrinus"
"Yellow-billed Blue-Magpie","Urocissa flavirostris"
"Green-tailed Sunbird","Aethopyga nipalensis"
"Gray Bushchat","Saxicola ferreus"
"Gray Wagtail","Motacilla cinerea"
"Lesser Whitethroat","Curruca curruca"
"Red-headed Vulture","Sarcogyps calvus"
"Small Niltava","Niltava macgrigoriae"
"Spotted Forktail","Enicurus maculatus"
"Eastern Red-rumped Swallow","Cecropis daurica"
"Indian Pied Starling","Gracupica contra"
"Bar-headed Goose","Anser indicus"
"Blue-throated Barbet","Psilopogon asiaticus"
"Brown Shrike","Lanius cristatus"
"Bronze-winged Jacana","Metopidius indicus"
"Eastern Cattle-Egret","Ardea coromanda"
"Chestnut-tailed Starling","Sturnia malabarica"
"Eurasian Moorhen","Gallinula chloropus"
"Common Pochard","Aythya ferina"
"Cotton Pygmy-Goose","Nettapus coromandelianus"
"Oriental Darter","Anhinga melanogaster"
"Crimson Sunbird","Aethopyga siparaja"
"Eastern Yellow Wagtail","Motacilla tschutschensis"
"Falcated Duck","Mareca falcata"
"Ferruginous Duck","Aythya nyroca"
"Gadwall","Mareca strepera"
"Green-winged Teal","Anas crecca"
"Green-billed Malkoha","Phaenicophaeus tristis"
"Great Cormorant","Phalacrocorax carbo"
"Greater Coucal","Centropus sinensis"
"Gray-headed Canary-Flycatcher","Culicicapa ceylonensis"
"Gray-throated Martin","Riparia chinensis"
"Hair-crested Drongo","Dicrurus hottentottus"
"Indochinese Roller","Coracias affinis"
"Medium Egret","Ardea intermedia"
"Indian Spot-billed Duck","Anas poecilorhyncha"
"Lesser Adjutant","Leptoptilos javanicus"
"Lesser Whistling-Duck","Dendrocygna javanica"
"Lineated Barbet","Psilopogon lineatus"
"Little Ringed Plover","Thinornis dubius"
"Little Grebe","Tachybaptus ruficollis"
"Northern Lapwing","Vanellus vanellus"
"Northern Pintail","Anas acuta"
"Northern Shoveler","Spatula clypeata"
"Gray-headed Swamphen","Porphyrio poliocephalus"
"Red-breasted Parakeet","Psittacula alexandri"
"Red Collared-Dove","Streptopelia tranquebarica"
"Red-crested Pochard","Netta rufina"
"Rose-ringed Parakeet","Psittacula krameri"
"Scarlet-backed Flowerpecker","Dicaeum cruentatum"
"Taiga Flycatcher","Ficedula albicilla"
"Tufted Duck","Aythya fuligula"
"White-breasted Waterhen","Amaurornis phoenicurus"
"Great Myna","Acridotheres grandis"
"Tickell's Leaf Warbler","Phylloscopus affinis"
"Chinese Sparrowhawk","Tachyspiza soloensis"
"Mandarin Duck","Aix galericulata"
"Indian Courser","Cursorius coromandelicus"
"Yellow-throated Bulbul","Pycnonotus xantholaemus"
"Black-capped Kingfisher","Halcyon pileata"
"Blue-tailed Bee-eater","Merops philippinus"
"Narcondam Hornbill","Rhyticeros narcondami"
"Ornate Sunbird","Cinnyris ornatus"
"Pacific Reef-Heron","Egretta sacra"
"Pied Imperial-Pigeon","Ducula bicolor"
"Ruddy Turnstone","Arenaria interpres"
"White-nest Swiftlet","Aerodramus fuciphagus"
"Arctic Warbler","Phylloscopus borealis"
"White's Thrush","Zoothera aurea"
"Brown Bush Warbler","Locustella luteoventris"
"Andaman Crake","Rallina canningi"
"Andaman Teal","Anas albogularis"
"Asian Brown Flycatcher","Muscicapa dauurica"
"Beach Thick-knee","Esacus magnirostris"
"Nicobar Pigeon","Caloenas nicobarica"
"Bohemian Waxwing","Bombycilla garrulus"
"Red-throated Pipit","Anthus cervinus"
"Hawfinch","Coccothraustes coccothraustes"
"Black Eagle","Ictinaetus malaiensis"
"Common Cuckoo","Cuculus canorus"
"Large Gray Babbler","Argya malcolmi"
"Pied Bushchat","Saxicola caprata"
"Tawny-bellied Babbler","Dumetia hyperythra"
"Rufous-backed Dwarf-Kingfisher","Ceyx rufidorsa"
"Pied Cuckoo","Clamator jacobinus"
"Great Snipe","Gallinago media"
"Tawny Lark","Galerida deva"
"Greenish Warbler","Phylloscopus trochiloides"
"Streak-throated Swallow","Petrochelidon fluvicola"
"Savanna Nightjar","Caprimulgus affinis"
"White-bellied Minivet","Pericrocotus erythropygius"
"Rain Quail","Coturnix coromandelica"
"Booted Warbler","Iduna caligata"
"Yellow-eyed Babbler","Chrysomma sinense"
"Streaked Weaver","Ploceus manyar"
"Eastern Barn Owl","Tyto javanica"
"Indian Bushlark","Plocealauda erythroptera"
"Sykes's Warbler","Iduna rama"
"White-browed Fantail","Rhipidura aureola"
"Swinhoe's Snipe","Gallinago megala"
"Zitting Cisticola","Cisticola juncidis"
"Clamorous Reed Warbler","Acrocephalus stentoreus"
"Yellow-browed Warbler","Phylloscopus inornatus"
"Indian Nightjar","Caprimulgus asiaticus"
"Eastern Orphean Warbler","Curruca crassirostris"
"Tricolored Munia","Lonchura malacca"
"Spotted Owlet","Athene brama"
"Chinese Francolin","Francolinus pintadeanus"
"Golden Eagle","Aquila chrysaetos"
"Common Swift","Apus apus"
"Hill Pigeon","Columba rupestris"
"Roseate Tern","Sterna dougallii"
"Blue Rock-Thrush","Monticola solitarius"
"Desert Wheatear","Oenanthe deserti"
"Great Rosefinch","Carpodacus rubicilla"
"Tibetan Sand-Plover","Anarhynchus atrifrons"
"Mistle Thrush","Turdus viscivorus"
"Wallcreeper","Tichodroma muraria"
"Brown-breasted Flycatcher","Muscicapa muttui"
"Streak-throated Woodpecker","Picus xanthopygaeus"
"Brahminy Starling","Sturnia pagodarum"
"Large-billed Leaf Warbler","Phylloscopus magnirostris"
"Jerdon's Baza","Aviceda jerdoni"
"Rufous-naped Tit","Periparus rufonuchalis"
"Blue-capped Redstart","Phoenicurus coeruleocephala"
"Gray-crowned Goldfinch","Carduelis caniceps"
"Fire-fronted Serin","Serinus pusillus"
"Pied Wheatear","Oenanthe pleschanka"
"Sulphur-bellied Warbler","Phylloscopus griseolus"
"Yellow-breasted Greenfinch","Chloris spinoides"
"Arctic Loon","Gavia arctica"
"Eurasian Skylark","Alauda arvensis"
"Eurasian Crag-Martin","Ptyonoprogne rupestris"
"Himalayan Snowcock","Tetraogallus himalayensis"
"Red-fronted Rosefinch","Carpodacus puniceus"
"Kashmir Nutcracker","Nucifraga multipunctata"
"Solitary Snipe","Gallinago solitaria"
"Japanese Quail","Coturnix japonica"
"Chinese Bush Warbler","Locustella tacsanowskia"
"Yellow-rumped Honeyguide","Indicator xanthonotus"
"Common Redshank","Tringa totanus"
"Eurasian Hobby","Falco subbuteo"
"Western House-Martin","Delichon urbicum"
"Common Merganser","Mergus merganser"
"Pheasant-tailed Jacana","Hydrophasianus chirurgus"
"White-winged Grosbeak","Mycerobas carnipes"
"Wood Sandpiper","Tringa glareola"
"Pink-browed Rosefinch","Carpodacus rodochroa"
"Greater Scaup","Aythya marila"
"Pallas's Sandgrouse","Syrrhaptes paradoxus"
"Indian Yellow Tit","Machlolophus aplonotus"
"Gull-billed Tern","Gelochelidon nilotica"
"Jerdon's Bushlark","Plocealauda affinis"
"Kentish Plover","Anarhynchus alexandrinus"
"Yellow-billed Babbler","Argya affinis"
"Yellow-wattled Lapwing","Vanellus malabaricus"
"Green Peafowl","Pavo muticus"
"Brown-headed Gull","Chroicocephalus brunnicephalus"
"White-capped Bunting","Emberiza stewarti"
"Garganey","Spatula querquedula"
"Glossy Ibis","Plegadis falcinellus"
"Himalayan Woodpecker","Dendrocopos himalayensis"
"Kashmir Nuthatch","Sitta cashmirensis"
"Osprey","Pandion haliaetus"
"Pallas's Fish-Eagle","Haliaeetus leucoryphus"
"Scaly-bellied Woodpecker","Picus squamatus"
"Tawny Owl","Strix aluco"
"White-cheeked Nuthatch","Sitta leucopsis"
"Black-headed Jay","Garrulus lanceolatus"
"Long-eared Owl","Asio otus"
"Slaty-headed Parakeet","Psittacula himalayana"
"Tickell's Thrush","Turdus unicolor"
"Long-billed Pipit","Anthus similis"
"Long-tailed Minivet","Pericrocotus ethologus"
"Rock Bunting","Emberiza cia"
"Tree Pipit","Anthus trivialis"
"Black Stork","Ciconia nigra"
"European Bee-eater","Merops apiaster"
"Mountain Chiffchaff","Phylloscopus sindianus"
"Slaty-blue Flycatcher","Ficedula tricolor"
"Western Crowned Warbler","Phylloscopus occipitalis"
"Whiskered Tern","Chlidonias hybrida"
"Baillon's Crake","Zapornia pusilla"
"Bar-tailed Treecreeper","Certhia himalayana"
"Black-and-yellow Grosbeak","Mycerobas icterioides"
"Brownish-flanked Bush Warbler","Horornis fortipes"
"Blyth's Reed Warbler","Acrocephalus dumetorum"
"Chestnut-eared Bunting","Emberiza fucata"
"Chukar","Alectoris chukar"
"Common Grasshopper Warbler","Locustella naevia"
"Eurasian Jackdaw","Coloeus monedula"
"European Roller","Coracias garrulus"
"Hodgson's Treecreeper","Certhia hodgsoni"
"Fire-capped Tit","Cephalopyrus flammiceps"
"Himalayan Cuckoo","Cuculus saturatus"
"Indian Blue Robin","Larvivora brunnea"
"Orange Bullfinch","Pyrrhula aurantiaca"
"Oriental Skylark","Alauda gulgula"
"Ruddy-breasted Crake","Zapornia fusca"
"Spectacled Finch","Callacanthis burtoni"
"Spotted Crake","Porzana porzana"
"Tytler's Leaf Warbler","Phylloscopus tytleri"
"Bluethroat","Luscinia svecica"
"Carrion Crow","Corvus corone"
"Eurasian Magpie","Pica pica"
"Himalayan Griffon","Gyps himalayensis"
"Black-winged Snowfinch","Montifringilla adamsi"
"Long-billed Bush Warbler","Locustella major"
"Blyth's Rosefinch","Carpodacus grandis"
"Brown Accentor","Prunella fulvescens"
"Buff-barred Warbler","Phylloscopus pulcher"
"Variable Wheatear","Oenanthe picata"
"White-bellied Redstart","Luscinia phaenicuroides"
"White-throated Tit","Aegithalos niveogularis"
"Arctic Tern","Sterna paradisaea"
"Common Quail","Coturnix coturnix"
"Common Tern","Sterna hirundo"
"Little Owl","Athene noctua"
"Common Buzzard","Buteo buteo"
"Hume's Warbler","Phylloscopus humei"
"Dark-sided Flycatcher","Muscicapa sibirica"
"Little Bittern","Botaurus minutus"
"Ultramarine Flycatcher","Ficedula superciliaris"
"Jack Snipe","Lymnocryptes minimus"
"Barred Buttonquail","Turnix suscitator"
"Wood Snipe","Gallinago nemoricola"
"Asian Palm Swift","Cypsiurus balasiensis"
"Blue-faced Malkoha","Phaenicophaeus viridirostris"
"Common Woodshrike","Tephrodornis pondicerianus"
"Gray Junglefowl","Gallus sonneratii"
"Green Imperial-Pigeon","Ducula aenea"
"Green Warbler","Phylloscopus nitidus"
"Indian Pitta","Pitta brachyura"
"Indian Thick-knee","Burhinus indicus"
"Indian Scimitar-Babbler","Pomatorhinus horsfieldii"
"Jungle Prinia","Prinia sylvatica"
"Loten's Sunbird","Cinnyris lotenius"
"Red Spurfowl","Galloperdix spadicea"
"Spot-breasted Fantail","Rhipidura albogularis"
"Yellow-legged Buttonquail","Turnix tanki"
"Blue-bearded Bee-eater","Nyctyornis athertoni"
"Bar-winged Flycatcher-shrike","Hemipus picatus"
"Indian Gray Hornbill","Ocyceros birostris"
"Ashy Woodswallow","Artamus fuscus"
"Brown-cheeked Fulvetta","Alcippe poioicephala"
"Crested Treeswift","Hemiprocne coronata"
"Greater Racket-tailed Drongo","Dicrurus paradiseus"
"Square-tailed Bulbul","Hypsipetes ganeesa"
"Velvet-fronted Nuthatch","Sitta frontalis"
"Asian Fairy-bluebird","Irena puella"
"Brown Fish-Owl","Ketupa zeylonensis"
"Common Babbler","Argya caudata"
"Gray Francolin","Ortygornis pondicerianus"
"Jungle Bush-Quail","Perdicula asiatica"
"Painted Spurfowl","Galloperdix lunulata"
"White-rumped Munia","Lonchura striata"
"Changeable Hawk-Eagle","Nisaetus cirrhatus"
"Ashy-crowned Sparrow-Lark","Eremopterix griseus"
"Pale-billed Flowerpecker","Dicaeum erythrorhynchos"
"Blanford's Snowfinch","Pyrgilauda blanfordi"
"Common Greenshank","Tringa nebularia"
"Rufous-tailed Rock-Thrush","Monticola saxatilis"
"Sillem's Rosefinch","Carpodacus sillemi"
"Temminck's Stint","Calidris temminckii"
"Dusky Crag-Martin","Ptyonoprogne concolor"
"Rufous-tailed Lark","Ammomanes phoenicura"
"Blue-throated Flycatcher","Cyornis rubeculoides"
"Red-breasted Flycatcher","Ficedula parva"
"Paddyfield Warbler","Acrocephalus agricola"
"Black-crested Bulbul","Rubigula flaviventris"
"Indian Nuthatch","Sitta castanea"
"Pale-chinned Flycatcher","Cyornis poliogenys"
"Scarlet Minivet","Pericrocotus speciosus"
"Black-throated Munia","Lonchura kelaarti"
"Fulvous-breasted Woodpecker","Dendrocopos macei"
"Green-crowned Warbler","Phylloscopus burkii"
"Large Woodshrike","Tephrodornis virgatus"
"Rosy Minivet","Pericrocotus roseus"
"Pin-striped Tit-Babbler","Mixornis gularis"
"Pale-footed Bush Warbler","Hemitesia pallidipes"
"Pied Thrush","Geokichla wardii"
"Azure Tit","Cyanistes cyanus"
"Black-winged Stilt","Himantopus himantopus"
"Common Snipe","Gallinago gallinago"
"Pacific Golden-Plover","Pluvialis fulva"
"River Lapwing","Vanellus duvaucelii"
"Jungle Owlet","Glaucidium radiatum"
"Gray-bellied Cuckoo","Cacomantis passerinus"
"Tawny Pipit","Anthus campestris"
"Thick-billed Flowerpecker","Pachyglossa agilis"
"Small Pratincole","Glareola lactea"
"White Stork","Ciconia ciconia"
"Great Thick-knee","Esacus recurvirostris"
"Painted Sandgrouse","Pterocles indicus"
"Greater Painted-Snipe","Rostratula benghalensis"
"Mottled Wood-Owl","Strix ocellata"
"Red Avadavat","Amandava amandava"
"Rock Pigeon","Columba livia"
"Brown Skua","Stercorarius antarcticus"
"Long-tailed Duck","Clangula hyemalis"
"Marbled Duck","Marmaronetta angustirostris"
"Boreal Owl","Aegolius funereus"
"Eurasian Golden Oriole","Oriolus oriolus"
"Little Gull","Hydrocoloeus minutus"
"Black-headed Bunting","Emberiza melanocephala"
"Bristled Grassbird","Schoenicola striatus"
"Gray-headed Fish-Eagle","Icthyophaga ichthyaetus"
"White-naped Woodpecker","Chrysocolaptes festivus"
"Blunt-winged Warbler","Acrocephalus concinens"
"Tundra Swan","Cygnus columbianus"
"Slaty-legged Crake","Rallina eurizonoides"
"White-bellied Woodpecker","Dryocopus javensis"
"Short-toed Snake-Eagle","Circaetus gallicus"
"Alpine Swift","Tachymarptis melba"
"Black-crowned Night Heron","Nycticorax nycticorax"
"Southern Hill Myna","Gracula indica"
"Thick-billed Warbler","Arundinax aedon"
"Knob-billed Duck","Sarkidiornis melanotos"
"Eurasian Spoonbill","Platalea leucorodia"
"Black-necked Crane","Grus nigricollis"
"Ward's Trogon","Harpactes wardi"
"Mishmi Wren-Babbler","Spelaeornis badeigularis"
"Red-tailed Tropicbird","Phaethon rubricauda"
"White-tailed Iora","Aegithina nigrolutea"
"Firethroat","Calliope pectardens"
"Clicking Shrike-Babbler","Pteruthius intermedius"
"Crow-billed Drongo","Dicrurus annectens"
"Slender-billed Babbler","Argya longirostris"
"Smoky Warbler","Phylloscopus fuligiventer"
"Yellow-bellied Prinia","Prinia flaviventris"
"Brown Rock Chat","Oenanthe fusca"
"Siberian Rubythroat","Calliope calliope"
"Black Bulbul","Hypsipetes leucocephalus"
"Black-naped Oriole","Oriolus chinensis"
"Fire-breasted Flowerpecker","Dicaeum ignipectus"
"Gray-chinned Minivet","Pericrocotus solaris"
"Little Pied Flycatcher","Ficedula westermanni"
"Maroon Oriole","Oriolus traillii"
"Mountain Bulbul","Ixos mcclellandii"
"Mountain Tailorbird","Phyllergates cucullatus"
"Orange-bellied Leafbird","Chloropsis hardwickii"
"Ruby-cheeked Sunbird","Chalcoparia singalensis"
"Short-billed Minivet","Pericrocotus brevirostris"
"Streaked Spiderhunter","Arachnothera magna"
"Sultan Tit","Melanochlora sultanea"
"Yellow-cheeked Tit","Machlolophus spilonotus"
"Abbott's Babbler","Malacocincla abbotti"
"Bank Myna","Acridotheres ginginianus"
"Black-breasted Weaver","Ploceus benghalensis"
"Dusky Warbler","Phylloscopus fuscatus"
"White-throated Fantail","Rhipidura albicollis"
"Mangrove Whistler","Pachycephala cinerea"
"Greater Flameback","Chrysocolaptes guttacristatus"
"Two-barred Warbler","Phylloscopus plumbeitarsus"
"Claudia's Leaf Warbler","Phylloscopus claudiae"
"Stripe-breasted Woodpecker","Dendrocopos atratus"
"White-browed Laughingthrush","Pterorhinus sannio"
"Hume's Treecreeper","Certhia manipurensis"
"Chinese Leaf Warbler","Phylloscopus yunnanensis"
"Striated Heron","Butorides striata"
"Long-billed Thrush","Zoothera monticola"
"Maroon-backed Accentor","Prunella immaculata"
"White-browed Bush-Robin","Tarsiger indicus"
"Buff-throated Warbler","Phylloscopus subaffinis"
"Mount Victoria Babax","Pterorhinus woodi"
"Himalayan Thrush","Zoothera salimalii"
"Little Stint","Calidris minuta"
"Streaked Shearwater","Calonectris leucomelas"
"Western Hooded Pitta","Pitta sordida"
"Indian Peafowl","Pavo cristatus"
"White-faced Storm-Petrel","Pelagodroma marina"
"Black-bellied Storm-Petrel","Fregetta tropica"
"Red-breasted Merganser","Mergus serrator"
"Common Hill Myna","Gracula religiosa"
"Oriental Reed Warbler","Acrocephalus orientalis"
"Plaintive Cuckoo","Cacomantis merulinus"
"Pallas's Grasshopper Warbler","Helopsaltes certhiola"
"Cinnamon Bittern","Botaurus cinnamomeus"
"White-eared Bulbul","Pycnonotus leucotis"
"Black-browed Reed Warbler","Acrocephalus bistrigiceps"
"Malabar Barbet","Psilopogon malabaricus"
"Malabar Flameback","Chrysocolaptes socialis"
"Malabar Parakeet","Psittacula columboides"
"Malabar Starling","Sturnia blythii"
"Malabar Trogon","Harpactes fasciatus"
"Malabar Woodshrike","Tephrodornis sylvicola"
"Malabar Imperial-Pigeon","Ducula cuprea"
"Red-billed Blue-Magpie","Urocissa erythroryncha"
"Rusty-cheeked Scimitar-Babbler","Erythrogenys erythrogenys"
"Lesser Yellownape","Picus chlorolophus"
"Malabar Gray Hornbill","Ocyceros griseus"
"Nilgiri Flowerpecker","Dicaeum concolor"
"Rufous Babbler","Argya subrufa"
"White-bellied Treepie","Dendrocitta leucogastra"
"Striated Grassbird","Megalurus palustris"
"Yellow Bittern","Botaurus sinensis"
"South Polar Skua","Stercorarius maccormicki"
"Caspian Tern","Hydroprogne caspia"
"Black-headed Gull","Chroicocephalus ridibundus"
"Pale Martin","Riparia diluta"
"Common Shelduck","Tadorna tadorna"
"Graylag Goose","Anser anser"
"Mrs. Gould's Sunbird","Aethopyga gouldiae"
"Banded Bay Cuckoo","Cacomantis sonneratii"
"Indian Cuckoo","Cuculus micropterus"
"Lesser Coucal","Centropus bengalensis"
"Long-toed Stint","Calidris subminuta"
"Ruff","Calidris pugnax"
"Black-winged Cuckooshrike","Lalage melaschistos"
"White-winged Tern","Chlidonias leucopterus"
"Brown-fronted Woodpecker","Dendrocoptes auriceps"
"Green-backed Tit","Parus monticolus"
"Gray-hooded Warbler","Phylloscopus xanthoschistos"
"Little Forktail","Enicurus scouleri"
"Rufous-breasted Accentor","Prunella strophiata"
"Rufous-bellied Woodpecker","Dendrocopos hyperythrus"
"Streaked Laughingthrush","Trochalopteron lineatum"
"Wedge-tailed Green-Pigeon","Treron sphenurus"
"Whiskered Yuhina","Yuhina flavicollis"
"White-throated Laughingthrush","Pterorhinus albogularis"
"Gray-headed Lapwing","Vanellus cinereus"
"Marsh Sandpiper","Tringa stagnatilis"
"European Starling","Sturnus vulgaris"
"Red-necked Falcon","Falco chicquera"
"Spot-winged Starling","Saroglossa spilopterus"
"Nicobar Scops-Owl","Otus alius"
"Brown Bullfinch","Pyrrhula nipalensis"
"Chestnut-bellied Rock-Thrush","Monticola rufiventris"
"Goldcrest","Regulus regulus"
"Gray-winged Blackbird","Turdus boulboul"
"Altai Accentor","Prunella himalayana"
"Mountain Scops-Owl","Otus spilocephalus"
"Rufous-chinned Laughingthrush","Ianthocincla rufogularis"
"Speckled Piculet","Picumnus innominatus"
"Variegated Laughingthrush","Trochalopteron variegatum"
"Scaly-breasted Cupwing","Pnoepyga albiventer"
"Green Shrike-Babbler","Pteruthius xanthochlorus"
"Russet Sparrow","Passer cinnamomeus"
"Whistler's Warbler","Phylloscopus whistleri"
"Black-bellied Plover","Pluvialis squatarola"
"Whimbrel","Numenius phaeopus"
"Australasian Grass-Owl","Tyto longimembris"
"Eurasian Coot","Fulica atra"
"Striated Babbler","Argya earlei"
"Black Bittern","Botaurus flavicollis"
"Gray-capped Pygmy Woodpecker","Yungipicus canicapillus"
"Malayan Night Heron","Gorsachius melanolophus"
"Nilgiri Wood-Pigeon","Columba elphinstonii"
"Black-chinned Babbler","Cyanoderma pyrrhops"
"Stripe-throated Yuhina","Yuhina gularis"
"Sirkeer Malkoha","Taccocua leschenaultii"
"Red-headed Bunting","Emberiza bruniceps"
"Chestnut-crowned Laughingthrush","Trochalopteron erythrocephalum"
"Black-throated Thrush","Turdus atrogularis"
"Eurasian Jay","Garrulus glandarius"
"Great Barbet","Psilopogon virens"
"Chestnut Munia","Lonchura atricapilla"
"Hill Partridge","Arborophila torqueola"
"Bengal Bushlark","Plocealauda assamica"
"Sarus Crane","Antigone antigone"
"Black Francolin","Francolinus francolinus"
"Black-throated Accentor","Prunella atrogularis"
"Brown Crake","Zapornia akool"
"Himalayan Prinia","Prinia crinigera"
"Flame-throated Bulbul","Rubigula gularis"
"Cinereous Vulture","Aegypius monachus"
"White-crested Laughingthrush","Garrulax leucolophus"
"Booted Eagle","Hieraaetus pennatus"
"Mountain Hawk-Eagle","Nisaetus nipalensis"
"Crested Lark","Galerida cristata"
"Eurasian Curlew","Numenius arquata"
"Bonelli's Eagle","Aquila fasciata"
"Black-necked Stork","Ephippiorhynchus asiaticus"
"Greater Whitethroat","Curruca communis"
"Red-naped Ibis","Pseudibis papillosa"
"White-tailed Lapwing","Vanellus leucurus"
"Black-tailed Godwit","Limosa limosa"
"Pallas's Gull","Ichthyaetus ichthyaetus"
"Oriental Pratincole","Glareola maldivarum"
"Spotted Redshank","Tringa erythropus"
"Chestnut-headed Bee-eater","Merops leschenaulti"
"Oriental Cuckooshrike","Coracina javensis"
"Hen Harrier","Circus cyaneus"
"Red Junglefowl","Gallus gallus"
"Slender-billed Vulture","Gyps tenuirostris"
"Swamp Francolin","Ortygornis gularis"
"Aberrant Bush Warbler","Horornis flavolivaceus"
"Daurian Redstart","Phoenicurus auroreus"
"Delicate Prinia","Prinia lepida"
"Greater Adjutant","Leptoptilos dubius"
"Kalij Pheasant","Lophura leucomelanos"
"Sand Lark","Alaudala raytal"
"Smew","Mergellus albellus"
"White-browed Scimitar-Babbler","Pomatorhinus schisticeps"
"White-tailed Stonechat","Saxicola leucurus"
"Ashy-throated Warbler","Phylloscopus maculipennis"
"Ashy Wood-Pigeon","Columba pulchricollis"
"Barred Cuckoo-Dove","Macropygia unchall"
"Bay Woodpecker","Blythipicus pyrrhotis"
"Black-eared Shrike-Babbler","Pteruthius melanotis"
"Black-backed Forktail","Enicurus immaculatus"
"Black-throated Sunbird","Aethopyga saturata"
"Blue-winged Minla","Actinodura cyanouroptera"
"Sikkim Treecreeper","Certhia discolor"
"Chestnut-crowned Warbler","Phylloscopus castaniceps"
"Chestnut-headed Tesia","Cettia castaneocoronata"
"Collared Falconet","Microhierax caerulescens"
"Crimson-naped Woodpecker","Dryobates cathpharius"
"Himalayan Cutia","Cutia nipalensis"
"Dark-breasted Rosefinch","Procarduelis nipalensis"
"Dark-rumped Rosefinch","Carpodacus edwardsii"
"Darjeeling Woodpecker","Dendrocopos darjellensis"
"Greater Necklaced Laughingthrush","Pterorhinus pectoralis"
"Golden-throated Barbet","Psilopogon franklinii"
"Great Hornbill","Buceros bicornis"
"Common Green-Magpie","Cissa chinensis"
"Greater Yellownape","Chrysophlegma flavinucha"
"Gray-bellied Tesia","Tesia cyaniventer"
"Gray-cheeked Warbler","Phylloscopus poliogenys"
"Gray-throated Babbler","Stachyris nigriceps"
"Hodgson's Redstart","Phoenicurus hodgsoni"
"Hoary-throated Barwing","Actinodura nipalensis"
"House Swift","Apus nipalensis"
"Large Niltava","Niltava grandis"
"Little Bunting","Emberiza pusilla"
"Lesser Racket-tailed Drongo","Dicrurus remifer"
"Mountain Imperial-Pigeon","Ducula badia"
"Oriental Scops-Owl","Otus sunia"
"Pale-headed Woodpecker","Gecinulus grantia"
"Lemon-rumped Warbler","Phylloscopus chloronotus"
"Pin-tailed Green-Pigeon","Treron apicauda"
"Plain Flowerpecker","Dicaeum minullum"
"Pygmy Flycatcher","Ficedula hodgsoni"
"Pygmy Cupwing","Pnoepyga pusilla"
"Red-billed Leiothrix","Leiothrix lutea"
"Red-headed Trogon","Harpactes erythrocephalus"
"Rufous-bellied Eagle","Lophotriorchis kienerii"
"Rufous-bellied Niltava","Niltava sundara"
"Rufous-capped Babbler","Cyanoderma ruficeps"
"Rufescent Prinia","Prinia rufescens"
"Rufous Sibia","Heterophasia capistrata"
"Rufous-necked Laughingthrush","Pterorhinus ruficollis"
"Rufous-winged Fulvetta","Schoeniparus castaneceps"
"Scarlet Finch","Carpodacus sipahi"
"Silver-eared Mesia","Leiothrix argentauris"
"Slaty-backed Forktail","Enicurus schistaceus"
"Snowy-browed Flycatcher","Ficedula hyperythra"
"Upland Pipit","Anthus sylvanus"
"White-browed Fulvetta","Fulvetta vinipectus"
"White-browed Piculet","Sasia ochracea"
"White-browed Shrike-Babbler","Pteruthius aeralatus"
"White-throated Bulbul","Alophoixus flaveolus"
"White-tailed Nuthatch","Sitta himalayensis"
"Yellow-browed Tit","Sylviparus modestus"
"Yellow-bellied Warbler","Abroscopus superciliaris"
"Ashy Bulbul","Hemixos flavala"
"Bengal Florican","Houbaropsis bengalensis"
"Blue-breasted Quail","Synoicus chinensis"
"Blue-eared Kingfisher","Alcedo meninting"
"Brown Boobook","Ninox scutulata"
"Chestnut-capped Babbler","Timalia pileata"
"Chestnut Bunting","Emberiza rutila"
"Dark-sided Thrush","Zoothera marginata"
"Eyebrowed Thrush","Turdus obscurus"
"Jerdon's Babbler","Chrysomma altirostre"
"Little Spiderhunter","Arachnothera longirostra"
"Little Tern","Sternula albifrons"
"Long-billed Plover","Thinornis placidus"
"Rufous-fronted Babbler","Cyanoderma rufifrons"
"Scaly Thrush","Zoothera dauma"
"Striated Yuhina","Staphida castaniceps"
"Thick-billed Green-Pigeon","Treron curvirostra"
"White-bellied Heron","Ardea insignis"
"Wreathed Hornbill","Rhyticeros undulatus"
"Yellow-vented Flowerpecker","Pachyglossa chrysorrhea"
"Yellow-vented Warbler","Phylloscopus cantator"
"Black-faced Bunting","Emberiza spodocephala"
"Blossom-headed Parakeet","Psittacula roseata"
"Blue-naped Pitta","Hydrornis nipalensis"
"Great Crested Grebe","Podiceps cristatus"
"Jerdon's Bushchat","Saxicola jerdoni"
"Lesser Necklaced Laughingthrush","Garrulax monileger"
"Nepal Fulvetta","Alcippe nipalensis"
"White-cheeked Partridge","Arborophila atrogularis"
"White-hooded Babbler","Gampsorhynchus rufulus"
"Crested Finchbill","Spizixos canifrons"
"Dark-rumped Swift","Apus acuticauda"
"Flavescent Bulbul","Pycnonotus flavescens"
"Golden Babbler","Cyanoderma chrysaeum"
"Gray Sibia","Heterophasia gracilis"
"Rusty-fronted Barwing","Actinodura egertoni"
"Streak-breasted Scimitar-Babbler","Pomatorhinus ruficollis"
"Curlew Sandpiper","Calidris ferruginea"
"Great Crested Tern","Thalasseus bergii"
"Greater Sand-Plover","Anarhynchus leschenaultii"
"Pied Avocet","Recurvirostra avosetta"
"Lesser Black-backed Gull","Larus fuscus"
"Kashmir Flycatcher","Ficedula subrubra"
"Long-legged Buzzard","Buteo rufinus"
"Rufous-fronted Prinia","Prinia buchanani"
"Gray-necked Bunting","Emberiza buchanani"
"Plain Leaf Warbler","Phylloscopus neglectus"
"Cetti's Warbler","Cettia cetti"
"Isabelline Shrike","Lanius isabellinus"
"Brooks's Leaf Warbler","Phylloscopus subviridis"
"Large-tailed Nightjar","Caprimulgus macrurus"
"Greater Flamingo","Phoenicopterus roseus"
"Pin-tailed Snipe","Gallinago stenura"
"Bar-tailed Godwit","Limosa lapponica"
"Heart-spotted Woodpecker","Hemicircus canente"
"Malabar Lark","Galerida malabarica"
"Indian Swiftlet","Aerodramus unicolor"
"Crab-Plover","Dromas ardeola"
"Dunlin","Calidris alpina"
"Eurasian Oystercatcher","Haematopus ostralegus"
"Nilgiri Flycatcher","Eumyias albicaudatus"
"Gray-fronted Green-Pigeon","Treron affinis"
"White-rumped Spinetail","Zoonavena sylvatica"
"Black-and-orange Flycatcher","Ficedula nigrorufa"
"Nilgiri Laughingthrush","Montecincla cachinnans"
"Hill Swallow","Hirundo domicola"
"Great White Pelican","Pelecanus onocrotalus"
"Siberian Crane","Leucogeranus leucogeranus"
"Alpine Thrush","Zoothera mollissima"
"Himalayan Black-lored Tit","Machlolophus xanthogenys"
"Chestnut Thrush","Turdus rubrocanus"
"Lesser Crested Tern","Thalasseus bengalensis"
"White-cheeked Tern","Sterna repressa"
"Sanderling","Calidris alba"
"Dalmatian Pelican","Pelecanus crispus"
"Spanish Sparrow","Passer hispaniolensis"
"Isabelline Wheatear","Oenanthe isabellina"
"Indian Spotted Creeper","Salpornis spilonota"
"Asian Desert Warbler","Curruca nana"
"Chestnut-bellied Sandgrouse","Pterocles exustus"
"Goliath Heron","Ardea goliath"
"Eurasian Griffon","Gyps fulvus"
"White-throated Needletail","Hirundapus caudacutus"
"Nilgiri Thrush","Zoothera neilgherriensis"
"Eurasian Goshawk","Astur gentilis"
"Koklass Pheasant","Pucrasia macrolopha"
"Moustached Warbler","Acrocephalus melanopogon"
"Broad-billed Sandpiper","Calidris falcinellus"
"Dark-fronted Babbler","Dumetia atriceps"
"Gray-headed Bulbul","Microtarsus priocephalus"
"Nilgiri Pipit","Anthus nilghiriensis"
"Painted Bush-Quail","Perdicula erythrorhyncha"
"Nilgiri Sholakili","Sholicola major"
"Striolated Bunting","Emberiza striolata"
"Rock Bush-Quail","Perdicula argoondah"
"Square-tailed Drongo-Cuckoo","Surniculus lugubris"
"Common Wood-Pigeon","Columba palumbus"
"Pine Bunting","Emberiza leucocephalos"
"Common Crane","Grus grus"
"Cream-colored Courser","Cursorius cursor"
"Greater Hoopoe-Lark","Alaemon alaudipes"
"Greater Short-toed Lark","Calandrella brachydactyla"
"Lesser Kestrel","Falco naumanni"
"Dusky Eagle-Owl","Ketupa coromanda"
"Lesser Fish-Eagle","Icthyophaga humilis"
"Lesser Flamingo","Phoeniconaias minor"
"Terek Sandpiper","Xenus cinereus"
"Great Reed Warbler","Acrocephalus arundinaceus"
"Black-breasted Parrotbill","Paradoxornis flavirostris"
"Indian Grassbird","Graminicola bengalensis"
"Swamp Grass Babbler","Laticilla cinerascens"
"Blyth's Paradise-Flycatcher","Terpsiphone affinis"
"Dark-necked Tailorbird","Orthotomus atrogularis"
"Fulvous Whistling-Duck","Dendrocygna bicolor"
"Spotted Flycatcher","Muscicapa striata"
"Sykes's Nightjar","Caprimulgus mahrattensis"
"Brown-backed Needletail","Hirundapus giganteus"
"Collared Scops-Owl","Otus lettia"
"White-naped Yuhina","Yuhina bakeri"
"Brown Wood-Owl","Strix leptogrammica"
"Chestnut-winged Cuckoo","Clamator coromandus"
"Ferruginous Flycatcher","Muscicapa ferruginea"
"Long-billed Wren-Babbler","Napothera malacoptila"
"Himalayan Shortwing","Brachypteryx cruralis"
"White-gorgeted Flycatcher","Anthipes monileger"
"Indian Skimmer","Rynchops albicollis"
"Lesser Cuckoo","Cuculus poliocephalus"
"Brambling","Fringilla montifringilla"
"Crested Goshawk","Lophospiza trivirgata"
"Orange-breasted Green-Pigeon","Treron bicinctus"
"Common Flameback","Dinopium javanense"
"Ashambu Laughingthrush","Montecincla meridionalis"
"Red-backed Shrike","Lanius collurio"
"Painted Francolin","Francolinus pictus"
"Western Tragopan","Tragopan melanocephalus"
"Bimaculated Lark","Melanocorypha bimaculata"
"Persian Wheatear","Oenanthe chrysopygia"
"Cheer Pheasant","Catreus wallichii"
"Great Knot","Calidris tenuirostris"
"Slaty-breasted Rail","Lewinia striata"
"Watercock","Gallicrex cinerea"
"Bank Swallow","Riparia riparia"
"Eurasian Siskin","Spinus spinus"
"Spotted Sandgrouse","Pterocles senegallus"
"Small Buttonquail","Turnix sylvaticus"
"Black Baza","Aviceda leuphotes"
"Dollarbird","Eurystomus orientalis"
"Collared Grosbeak","Mycerobas affinis"
"Himalayan Owl","Strix nivicolum"
"Spot-winged Grosbeak","Mycerobas melanozanthos"
"Blanford's Rosefinch","Agraphospiza rubescens"
"Blyth's Swift","Apus leuconyx"
"Blue-eared Barbet","Psilopogon cyanotis"
"Black-throated Prinia","Prinia atrogularis"
"Himalayan Flameback","Dinopium shorii"
"Red Crossbill","Loxia curvirostra"
"Sapphire Flycatcher","Ficedula sapphira"
"Collared Kingfisher","Todiramphus chloris"
"Himalayan Beautiful Rosefinch","Carpodacus pulcherrimus"
"Tawny Fish-Owl","Ketupa flavipes"
"Fork-tailed Drongo-Cuckoo","Surniculus dicruroides"
"Tibetan Snowcock","Tetraogallus tibetanus"
"Rufous-tailed Scrub-Robin","Cercotrichas galactotes"
"Garden Warbler","Sylvia borin"
"Spoon-billed Sandpiper","Calidris pygmaea"
"Palani Laughingthrush","Montecincla fairbanki"
"Sedge Warbler","Acrocephalus schoenobaenus"
"Streaked Rosefinch","Carpodacus rubicilloides"
"Mongolian Finch","Bucanetes mongolicus"
"White-browed Tit-Warbler","Leptopoecile sophiae"
"Eurasian Bittern","Botaurus stellaris"
"Merlin","Falco columbarius"
"Red-throated Thrush","Turdus ruficollis"
"Song Thrush","Turdus philomelos"
"Pallid Scops-Owl","Otus brucei"
"Yellowhammer","Emberiza citrinella"
"Water Pipit","Anthus spinoletta"
"White-crowned Penduline-Tit","Remiz coronatus"
"Naumann's Thrush","Turdus naumanni"
"Black-crowned Sparrow-Lark","Eremopterix nigriceps"
"Black-bellied Sandgrouse","Pterocles orientalis"
"Desert Lark","Ammomanes deserti"
"Trumpeter Finch","Bucanetes githagineus"
"Common Chaffinch","Fringilla coelebs"
"Twite","Linaria flavirostris"
"Dusky Thrush","Turdus eunomus"
"Long-tailed Thrush","Zoothera dixoni"
"Yellow-bellied Flowerpecker","Pachyglossa melanozantha"
"Black-headed Shrike-Babbler","Pteruthius rufiventer"
"Broad-billed Warbler","Tickellia hodgsoni"
"Brown Parrotbill","Paradoxornis unicolor"
"Fulvous Parrotbill","Suthora fulvifrons"
"Golden-breasted Fulvetta","Lioparus chrysotis"
"Slender-billed Scimitar-Babbler","Pomatorhinus superciliaris"
"Spotted Laughingthrush","Ianthocincla ocellata"
"White-throated Redstart","Phoenicurus schisticeps"
"Hume's Bush Warbler","Horornis brunnescens"
"Common Redstart","Phoenicurus phoenicurus"
"European Turtle-Dove","Streptopelia turtur"
"Lesser Gray Shrike","Lanius minor"
"Eurasian Linnet","Linaria cannabina"
"Red-necked Phalarope","Phalaropus lobatus"
"Red-tailed Shrike","Lanius phoenicuroides"
"Asian Houbara","Chlamydotis macqueenii"
"Eastern Marsh Harrier","Circus spilonotus"
"Pale-capped Pigeon","Columba punicea"
"White-tailed Eagle","Haliaeetus albicilla"
"Common Ringed Plover","Charadrius hiaticula"
"Broad-tailed Grassbird","Schoenicola platyurus"
"Lesser Noddy","Anous tenuirostris"
"Water Rail","Rallus aquaticus"
"Eared Grebe","Podiceps nigricollis"
"Sind Sparrow","Passer pyrrhonotus"
"Red-necked Stint","Calidris ruficollis"
"Golden-headed Cisticola","Cisticola exilis"
"Baer's Pochard","Aythya baeri"
"Rufous-backed Redstart","Phoenicurus erythronotus"
"Blue-winged Leafbird","Chloropsis moluccensis"
"Ashy Minivet","Pericrocotus divaricatus"
"Singing Bushlark","Mirafra javanica"
"Black-chinned Yuhina","Yuhina nigrimenta"
"Green Cochoa","Cochoa viridis"
"Spotted Elachura","Elachura formosa"
"Barau's Petrel","Pterodroma baraui"
"Tibetan Blackbird","Turdus maximus"
"Sandwich Tern","Thalasseus sandvicensis"
"Collared Treepie","Dendrocitta frontalis"
"Assam Laughingthrush","Trochalopteron chrysopterum"
"Andaman Bulbul","Microtarsus fuscoflavescens"
"Andaman Coucal","Centropus andamanensis"
"Andaman Cuckooshrike","Coracina dobsoni"
"Andaman Drongo","Dicrurus andamanensis"
"Andaman Treepie","Dendrocitta bayleii"
"Andaman Serpent-Eagle","Spilornis elgini"
"Andaman Wood-Pigeon","Columba palumboides"
"Black-naped Tern","Sterna sumatrana"
"Long-tailed Parakeet","Psittacula longicauda"
"Plume-toed Swiftlet","Collocalia affinis"
"White-headed Starling","Sturnia erythropygia"
"Red-necked Grebe","Podiceps grisegena"
"White-crowned Forktail","Enicurus leschenaulti"
"Slender-billed Gull","Chroicocephalus genei"
"Greater White-fronted Goose","Anser albifrons"
"Wayanad Laughingthrush","Pterorhinus delesserti"
"Black-backed Dwarf-Kingfisher","Ceyx erithaca"
"Chinese Pond-Heron","Ardeola bacchus"
"Ashy-headed Green-Pigeon","Treron phayrei"
"Ruddy Kingfisher","Halcyon coromanda"
"Pale-billed Parrotbill","Suthora atrosuperciliaris"
"Black-breasted Thrush","Turdus dissimilis"
"Gray-headed Parrotbill","Paradoxornis gularis"
"Pied Falconet","Microhierax melanoleucos"
"White-winged Duck","Asarcornis scutulata"
"Andaman Cuckoo-Dove","Macropygia rufipennis"
"Andaman Flowerpecker","Dicaeum virescens"
"Andaman Woodpecker","Dryocopus hodgei"
"Asian Glossy Starling","Aplonis panayensis"
"Andaman Green-Pigeon","Treron chloropterus"
"Nicobar Imperial-Pigeon","Ducula nicobarica"
"Nicobar Bulbul","Hypsipetes nicobariensis"
"Brown Hornbill","Anorrhinus austeni"
"Long-tailed Sibia","Heterophasia picaoides"
"Rufous-headed Parrotbill","Paradoxornis bakeri"
"Rufous-throated Fulvetta","Schoeniparus rufogularis"
"Masked Booby","Sula dactylatra"
"Slaty-bellied Tesia","Tesia olivea"
"Andaman Boobook","Ninox affinis"
"Andaman Shama","Copsychus albiventris"
"Andaman Scops-Owl","Otus balli"
"Freckle-breasted Woodpecker","Dendrocopos analis"
"Pacific Swallow","Hirundo javanica"
"Gray-lored Broadbill","Serilophus rubropygius"
"White-spectacled Warbler","Phylloscopus intermedius"
"Great Eared-Nightjar","Lyncornis macrotis"
"Van Hasselt's Sunbird","Leptocoma brasiliana"
"Sclater's Monal","Lophophorus sclateri"
"Parasitic Jaeger","Stercorarius parasiticus"
"Lesser Shortwing","Brachypteryx leucophris"
"Yellow-rumped Flycatcher","Ficedula zanthopygia"
"White-tailed Tropicbird","Phaethon lepturus"
"Gray Peacock-Pheasant","Polyplectron bicalcaratum"
"Saunders's Tern","Sternula saundersi"
"Hypocolius","Hypocolius ampelinus"
"Blue-fronted Robin","Cinclidium frontale"
"Gray-sided Laughingthrush","Pterorhinus caerulatus"
"Rufous-throated Wren-Babbler","Spelaeornis caudatus"
"Yellow-throated Fulvetta","Schoeniparus cinereus"
"Brown Noddy","Anous stolidus"
"European Golden-Plover","Pluvialis apricaria"
"Black-faced Warbler","Abroscopus schisticeps"
"Blue-winged Laughingthrush","Trochalopteron squamatum"
"Chestnut-crowned Bush Warbler","Cettia major"
"Spotted Bush Warbler","Locustella thoracica"
"Sooty Tern","Onychoprion fuscatus"
"Legge's Hawk-Eagle","Nisaetus kelaarti"
"Crimson-browed Finch","Carpodacus subhimachalus"
"Rufous-breasted Bush-Robin","Tarsiger hyperythrus"
"Spot-winged Rosefinch","Carpodacus rodopeplus"
"Common Goldeneye","Bucephala clangula"
"Bar-winged Wren-Babbler","Spelaeornis troglodytoides"
"Great Slaty Woodpecker","Mulleripicus pulverulentus"
"Red-faced Liocichla","Liocichla phoenicea"
"Slaty-backed Flycatcher","Ficedula erithacus"
"Common Gull","Larus canus"
"Sri Lanka Frogmouth","Batrachostomus moniliger"
"Sri Lanka Bay-Owl","Phodilus assimilis"
"Chestnut-breasted Partridge","Arborophila mandellii"
"Rufous-backed Sibia","Leioptila annectens"
"Tibetan Partridge","Perdix hodgsoniae"
"Upland Buzzard","Buteo hemilasius"
"Collared Pratincole","Glareola pratincola"
"Gray-crowned Prinia","Prinia cinereocapilla"
"White-throated Bushchat","Saxicola insignis"
"Immaculate Cupwing","Pnoepyga immaculata"
"Amur Falcon","Falco amurensis"
"Eastern Spot-billed Duck","Anas zonorhyncha"
"White-bellied Sholakili","Sholicola albiventris"
"Caspian Plover","Anarhynchus asiaticus"
"Horned Grebe","Podiceps auritus"
"Andaman Nightjar","Caprimulgus andamanicus"
"Brown-crowned Scimitar-Babbler","Pomatorhinus phayrei"
"Rusty-capped Fulvetta","Schoeniparus dubius"
"Rufous-faced Warbler","Abroscopus albogularis"
"Silver-backed Needletail","Hirundapus cochinchinensis"
"Snowy-throated Babbler","Stachyris oglei"
"Streaked Wren-Babbler","Gypsophila brevicaudata"
"Large Scimitar-Babbler","Erythrogenys hypoleucos"
"Rusty-bellied Shortwing","Brachypteryx hyperythra"
"Red-billed Scimitar-Babbler","Pomatorhinus ochraceiceps"
"Red Kite","Milvus milvus"
"Violet Cuckoo","Chrysococcyx xanthorhynchus"
"Eyebrowed Wren-Babbler","Napothera epilepidota"
"White-tailed Flycatcher","Leucoptilon concretum"
"Blue Pitta","Hydrornis cyaneus"
"White-breasted Parrotbill","Paradoxornis ruficeps"
"Bugun Liocichla","Liocichla bugunorum"
"Marsh Babbler","Pellorneum palustre"
"Cachar Bulbul","Iole cacharensis"
"Mountain Bamboo-Partridge","Bambusicola fytchii"
"Asian Emerald Cuckoo","Chrysococcyx maculatus"
"Swinhoe's Storm-Petrel","Hydrobates monorhis"
"Brown-cheeked Rail","Rallus indicus"
"Brown-winged Kingfisher","Pelargopsis amauroptera"
"Golden-crested Myna","Ampeliceps coronatus"
"Russet Bush Warbler","Locustella mandelli"
"White-rumped Snowfinch","Onychostruthus taczanowskii"
"Ground Tit","Pseudopodoces humilis"
"Blyth's Tragopan","Tragopan blythii"
"Burmese Shrike","Lanius collurioides"
"Lesser Frigatebird","Fregata ariel"
"Yellow-eyed Pigeon","Columba eversmanni"
"Red-billed Tropicbird","Phaethon aethereus"
"Bridled Tern","Onychoprion anaethetus"
"Pomarine Jaeger","Stercorarius pomarinus"
"Striped Laughingthrush","Trochalopteron virgatum"
"Long-billed Dowitcher","Limnodromus scolopaceus"
"Chin Hills Wren-Babbler","Spelaeornis oatesi"
"Chestnut-vented Nuthatch","Sitta nagaensis"
"Gray-headed Parakeet","Psittacula finschii"
"Spot-breasted Parrotbill","Paradoxornis guttaticollis"
"Spot-breasted Scimitar-Babbler","Erythrogenys mcclellandi"
"Eurasian Eagle-Owl","Bubo bubo"
"Tibetan Lark","Melanocorypha maxima"
"Forest Owlet","Athene blewitti"
"Oriental Bay-Owl","Phodilus badius"
"Rufous-vented Grass Babbler","Laticilla burnesii"
"Black-tailed Crake","Zapornia bicolor"
"Pectoral Sandpiper","Calidris melanotos"
"Caspian Gull","Larus cachinnans"
"Vinaceous Rosefinch","Carpodacus vinaceus"
"Nicobar Parakeet","Psittacula caniceps"
"Nicobar Megapode","Megapodius nicobariensis"
"Nicobar Serpent-Eagle","Spilornis klossi"
"Chestnut-backed Laughingthrush","Pterorhinus nuchalis"
"Hodgson's Hawk-Cuckoo","Hierococcyx nisicolor"
"Purple Cochoa","Cochoa purpurea"
"Spot-breasted Laughingthrush","Garrulax merulinus"
"Rufous-crowned Prinia","Prinia khasiana"
"Tawny-breasted Wren-Babbler","Spelaeornis longicaudatus"
"Gray-sided Thrush","Turdus feae"
"Little Crake","Zapornia parva"
"Buff-breasted Sandpiper","Calidris subruficollis"
"Siberian Pipit","Anthus japonicus"
"Banasura Laughingthrush","Montecincla jerdoni"
"Hill Blue Flycatcher","Cyornis whitei"
"Hill Prinia","Prinia superciliaris"
"Taiga Bean-Goose","Anser fabalis"
"Spot-throated Babbler","Pellorneum albiventre"
"Flesh-footed Shearwater","Ardenna carneipes"
"White-breasted Woodswallow","Artamus leucorynchus"
"Black-legged Kittiwake","Rissa tridactyla"
"Hume's Boobook","Ninox obscura"
"Gray-headed Bullfinch","Pyrrhula erythaca"
"Brown-throated Fulvetta","Fulvetta ludlowi"
"Manipur Fulvetta","Fulvetta manipurensis"
"Bhutan Laughingthrush","Trochalopteron imbricatum"
"Temminck's Tragopan","Tragopan temminckii"
"Chestnut-cheeked Starling","Agropsar philippensis"
"Slender-billed Oriole","Oriolus tenuirostris"
"Sikkim Wedge-billed Babbler","Stachyris humei"
"Great Frigatebird","Fregata minor"
"Crested Tit-Warbler","Leptopoecile elegans"
"Hodgson's Frogmouth","Batrachostomus hodgsoni"
"Cachar Wedge-billed Babbler","Stachyris roberti"
"Naga Wren-Babbler","Spelaeornis chocolatinus"
"Andaman Masked-Owl","Tyto deroepstorffi"
"White-backed Thrush","Turdus kessleri"
"Lesser White-fronted Goose","Anser erythropus"
"Amur Stonechat","Saxicola stejnegeri"
"Jouanin's Petrel","Bulweria fallax"
"Siberian Blue Robin","Larvivora cyane"
"Nicobar Hooded Pitta","Pitta abbotti"
"Black-headed Bulbul","Microtarsus melanocephalos"
"Eurasian Nightjar","Caprimulgus europaeus"
"Siberian House-Martin","Delichon lagopodum"
"Black-headed Greenfinch","Chloris ambigua"
"Godlewski's Bunting","Emberiza godlewskii"
"Japanese Sparrowhawk","Tachyspiza gularis"
"Daurian Starling","Agropsar sturninus"
"Great Spotted Woodpecker","Dendrocopos major"
"Chinese Vivid Niltava","Niltava oatesi"
"Mangrove Pitta","Pitta megarhyncha"
"Tropical Shearwater","Puffinus bailloni"
"West Himalayan Bush Warbler","Locustella kashmirensis"
"Buffy Fish-Owl","Ketupa ketupu"
"Gray-crowned Warbler","Phylloscopus tephrocephalus"
"Rufous-necked Snowfinch","Pyrgilauda ruficollis"
"Wilson's Storm-Petrel","Oceanites oceanicus"
"Red Knot","Calidris canutus"
"Gray-faced Buzzard","Butastur indicus"
"Baikal Teal","Sibirionetta formosa"
"Brown-capped Laughingthrush","Trochalopteron austeni"
"Moustached Laughingthrush","Ianthocincla cineracea"
"Nicobar Sparrowhawk","Tachyspiza butleri"
"Pied Triller","Lalage nigra"
"Blue-and-white Flycatcher","Cyanoptila cyanomelana"
"Fieldfare","Turdus pilaris"
"Nicobar Jungle Flycatcher","Cyornis nicobaricus"
"Persian Shearwater","Puffinus persicus"
"Long-tailed Jaeger","Stercorarius longicaudus"
"Wedge-tailed Shearwater","Ardenna pacifica"
"Red-footed Booby","Sula sula"
"Brown-rumped Minivet","Pericrocotus cantonensis"
"Tristram's Bunting","Emberiza tristrami"
"Tundra Bean-Goose","Anser serrirostris"
"Pale Rockfinch","Carpospiza brachydactyla"
"Elliot's Laughingthrush","Trochalopteron elliotii"
"Franklin's Gull","Leucophaeus pipixcan"
"Turkestan Short-toed Lark","Alaudala heinei"
"Mongolian Gull","Larus mongolicus"
"European Honey-buzzard","Pernis apivorus"
"Blue-winged Pitta","Pitta moluccensis"
"Short-tailed Shearwater","Ardenna tenuirostris"
"Blue-throated Bee-eater","Merops viridis"
"Sabine's Gull","Xema sabini"
"Northern Wheatear","Oenanthe oenanthe"
"White Tern","Gygis alba"
"Cory's Shearwater","Calonectris borealis"
"Woodchat Shrike","Lanius senator"
"Mugimaki Flycatcher","Ficedula mugimaki"
"Chinese Thrush","Turdus mupinensis"
"Eurasian Scops-Owl","Otus scops"
"Asian Stubtail","Urosphena squameiceps"
"Baikal Bush Warbler","Locustella davidi"
"Pink-rumped Rosefinch","Carpodacus waltoni"
"Sichuan Leaf Warbler","Phylloscopus forresti"
"Yunnan Nuthatch","Sitta yunnanensis"
"Red-breasted Goose","Branta ruficollis"
"Black Tern","Chlidonias niger"
"Christmas Island Frigatebird","Fregata andrewsi"
"Chestnut-flanked White-eye","Zosterops erythropleurus"
"Red-throated Loon","Gavia stellata"
"Gray-eyed Bulbul","Iole propinqua"
"White-browed Crake","Poliolimnas cinereus"
"Chinese White-browed Rosefinch","Carpodacus dubius"
"Hainan Blue Flycatcher","Cyornis hainanus"
"Crimson-winged Finch","Rhodopechys sanguineus"
"White-eyed Gull","Ichthyaetus leucophthalmus"
"Rock Eagle-Owl","Bubo bengalensis"
"Wood Warbler","Phylloscopus sibilatrix"
"Gray-tailed Tattler","Tringa brevipes"
"White-eared Night Heron","Oroanassa magnifica"
"Masked Shrike","Lanius nubicus"
"American Golden-Plover","Pluvialis dominica"
"Finsch's Wheatear","Oenanthe finschii"
"Chinese Egret","Egretta eulophotes"
"Javan Pond-Heron","Ardeola speciosa"
"White-cheeked Starling","Spodiopsar cineraceus"
"Horsfield's Bronze-Cuckoo","Chalcites basalis"
"Pied Crow","Corvus albus"
"Amur Paradise-Flycatcher","Terpsiphone incei"
"Sakhalin Leaf Warbler","Phylloscopus borealoides"
"Namaqua Dove","Oena capensis"
"Zappey's Flycatcher","Cyanoptila cumatilis"
"Red-legged Crake","Rallina fasciata"
"Yellow-browed Bunting","Emberiza chrysophrys"
"Pale Rosefinch","Carpodacus stoliczkae"
"Desert Finch","Rhodospiza obsoleta"
"Rustic Bunting","Emberiza rustica"
"Red-billed Starling","Spodiopsar sericeus"
"Light-mantled Albatross","Phoebetria palpebrata"
"Willow Warbler","Phylloscopus trochilus"
"Chinese Blackbird","Turdus mandarinus"
"Japanese Thrush","Turdus cardis"
"Nordmann's Greenshank","Tringa guttifer"
"Rough-legged Hawk","Buteo lagopus"
"Three-banded Rosefinch","Carpodacus trifasciatus"
"Whinchat","Saxicola rubetra"
"Meadow Pipit","Anthus pratensis"
"African Openbill","Anastomus lamelligerus"
"Eurasian Blackcap","Sylvia atricapilla"
"Rufous-winged Buzzard","Butastur liventer"
"White-shouldered Starling","Sturnia sinensis"
"Meadow Bunting","Emberiza cioides"
"Pale-legged Leaf Warbler","Phylloscopus tenellipes"
"Sooty Shearwater","Ardenna grisea"
"Pallas's Leaf Warbler","Phylloscopus proregulus"
"Black-rumped Magpie","Pica bottanensis"
"Lapland Longspur","Calcarius lapponicus"
"Levant Sparrowhawk","Tachyspiza brevipes"
"Bianchi's Warbler","Phylloscopus valentini"
"Laughing Gull","Leucophaeus atricilla"
"Barnacle Goose","Branta leucopsis"
"Spur-winged Lapwing","Vanellus spinosus"
"Giant Shrike","Lanius giganteus"
"Band-bellied Crake","Zapornia paykullii"
"Tiger Shrike","Lanius tigrinus"
"Gray-streaked Flycatcher","Muscicapa griseisticta"
"European Greenfinch","Chloris chloris"
"White-throated Rock-Thrush","Monticola gularis"
"Yellow-billed Grosbeak","Eophona migratoria"
